category,subcategory,product
Chemicals,Kitchen Care Products,Concentrated Dishwashing Liquid
Chemicals,Kitchen Care Products,Automatic Dishwashing Detergent
Chemicals,Kitchen Care Products,Automatic Dishwashing Powder
Chemicals,Kitchen Care Products,Automatic Glass Cleaner
Chemicals,Kitchen Care Products,Rinse Aid
Chemicals,Kitchen Care Products,AutoDish Powder
Chemicals,Kitchen Care Products,Chloronated Detergent
Chemicals,Kitchen Care Products,Pee Off Oven & Grill Cleaner
Chemicals,Kitchen Care Products,Jiffy hard Surface Cleaner
Chemicals,Kitchen Care Products,De-Scaler
Chemicals,Kitchen Care Products,Spray and Wipe
Chemicals,Kitchen Care Products,Food Sanitiser
Chemicals,Kitchen Care Products,Stainless Steel Cleaner
Chemicals,Kitchen Care Products,Window Cleaner
Chemicals,Kitchen Care Products,Metho Based Window Cleaner
Chemicals,Kitchen Care Products,Stainless Steel Oil
Chemicals,Hand & Hygiene Products,True Grite Hand Wash
Chemicals,Hand & Hygiene Products,Hand Soap Pink
Chemicals,Hand & Hygiene Products,Hand Soap White
Chemicals,Hand & Hygiene Products,Antibactrial Hand Wash
Chemicals,Hand & Hygiene Products,Hand Sanitiser Gel
Chemicals,Hand & Hygiene Products,Hand Soap Pearl Pink
Chemicals,Hand & Hygiene Products,Hand Soap Pearl White
Chemicals,Hand & Hygiene Products,Toilet Bowl Cleaner
Chemicals,DisInfectant & Sanitiser Products,Lemon Disinfectant
Chemicals,DisInfectant & Sanitiser Products,Blossom Disinfectant
Chemicals,DisInfectant & Sanitiser Products,Bubble Gum Disinfectant
Chemicals,DisInfectant & Sanitiser Products,Eucalyptus Disinfectant
Chemicals,DisInfectant & Sanitiser Products,Fruity Disinfectant
Chemicals,DisInfectant & Sanitiser Products,Jasmine Disinfectant
Chemicals,DisInfectant & Sanitiser Products,Lavender Disinfectant
Chemicals,DisInfectant & Sanitiser Products,Musk Disinfectant
Chemicals,DisInfectant & Sanitiser Products,Phenyl Disinfectant
Chemicals,DisInfectant & Sanitiser Products,Pine-O Disinfectant
Chemicals,DisInfectant & Sanitiser Products,Spice-O Disinfectant
Chemicals,DisInfectant & Sanitiser Products,Tropical Disinfectant
Chemicals,DisInfectant & Sanitiser Products,Tutti Fruity Disinfectant
Chemicals,DisInfectant & Sanitiser Products,RTU Sanitiser
Chemicals,Floor & Carpet Care Products,Bleach 7%
Chemicals,Floor & Carpet Care Products,Carpet Spotter
Chemicals,Floor & Carpet Care Products,Steam Cleaning Liquid
Chemicals,Floor & Carpet Care Products,HD 5000 Degreaser
Chemicals,Floor & Carpet Care Products,Heavy Duty Cleaner
Chemicals,Floor & Carpet Care Products,Neutraclean
Chemicals,Floor & Carpet Care Products,Solkleen Red (Non Caustic Degreaser)
Chemicals,Floor & Carpet Care Products,Caustic Soda
Chemicals,Floor & Carpet Care Products,Graffitti Remover
Chemicals,Floor & Carpet Care Products,Industrail methyled Spirits
Chemicals,Laundry Care Products,Laundry Powder (Bkt)
Chemicals,Laundry Care Products,Laundry Liquid
Chemicals,Laundry Care Products,Fabric Softner
Chemicals,Laundry Care Products,Nappy Washing Powder
Chemicals,Laundry Care Products,Ox-Bleach Powder
Chemicals,Laundry Care Products,Pre-Wash Spotter
Chemicals,Laundry Care Products,Wool Wash
Chemicals,AutoMobile CAre Products,Alum Bright
Chemicals,AutoMobile CAre Products,Big Rig Truck Wash
Chemicals,AutoMobile CAre Products,Car Wash Wax & Shine
Chemicals,AutoMobile CAre Products,Metpol (Armorall)
Chemicals,AutoMobile CAre Products,Seal And Shine (Tyre Shine)
Chemicals,AutoMobile CAre Products,Truck Wash
Chemicals,AutoMobile CAre Products,Orange Hand Cleaner
Gloves,,Vinyl Gloves - P/Free 
Gloves,,Nitrile Gloves - P/Free 
Gloves,,Nitrile Gloves BLK - P/Free 
Gloves,,Latex Gloves - P/Free 
Gloves,,Silverline Gloves - SIze 8 to 8.5
Gloves,,PVC Green 45cm Gloves
Gloves,,PVC Red 27cm Gloves
Gloves,,Poly Cotton Gloves
Gloves,,UniFit Polyethyene Gloves
Plastic TakeAway Containers,,AP Rect Base
Plastic TakeAway Containers,,AP Rect Lids
Plastic TakeAway Containers,,AP Round Base
Plastic TakeAway Containers,,AP Round Lids
Plastic TakeAway Containers,,AP Noodle Bowls
Plastic TakeAway Containers,,AP Noodle Bowl Lids
Plastic TakeAway Containers,,Genfac Ribbed Base
Plastic TakeAway Containers,,Genfac Ribbed Cont. Lids
Plastic TakeAway Containers,,SKP 2 Compartment Sets
Plastic TakeAway Containers,,SKP 3 Compart Set - Black
Plastic TakeAway Containers,,SKP 5 Compart Set - Black
Plastic TakeAway Containers,,SKP 5 Compartment Base
Plastic TakeAway Containers,,SKP 5 Compartment Lids
Plastic TakeAway Containers,,SKP 4 Compartment Base
Plastic TakeAway Containers,,SKP 4 Compartment Lids
Plastic TakeAway Containers,,SKP 3 Compartment Base
Plastic TakeAway Containers,,SKP 3 Compartment Lids
Plastic TakeAway Containers,,Rect Base
Plastic TakeAway Containers,,Rect Ba
Plastic TakeAway Containers,,Rect Base
Plastic TakeAway Containers,,G Rect Lids
Plastic TakeAway Containers,,Round Base
Plastic TakeAway Containers,,Round Base
Plastic TakeAway Containers,,G- Round Lids
Plastic TakeAway Containers,,G- Round Dome Lids
Plastic TakeAway Containers,,Sauce Container
Plastic TakeAway Containers,,GF Sauce Container Lids
Plastic TakeAway Containers,,Sauce Container W/Lids
Foil Container,Foil Container  & Lids,PC119 MEDIUM OBLONG F/C
Foil Container,Foil Container  & Lids,PC219 SHALLOW OBLONG F/C
Foil Container,Foil Container  & Lids,LID T/S PC119
Foil Container,Foil Container  & Lids,PC123 SHALLOW 3 CAVITY F/C
Foil Container,Foil Container  & Lids,LID T/S PC123
Foil Container,Foil Container  & Lids,125 PC127 LARGE SQUARE F/C
Foil Container,Foil Container  & Lids,125 LID T/S PC127
Foil Container,Foil Container  & Lids,PC129 LARGE OBLONG F/C
Foil Container,Foil Container  & Lids,LID T/S PC129
Foil Container,Foil Container  & Lids,PC131 SHALLOW HALF GASTRONORM F/C
Foil Container,Foil Container  & Lids,PC231 LARGE DEEP OBLONG GASTRONORM F/C
Foil Container,Foil Container  & Lids,LID T/S PC131-231
Foil Container,Foil Container  & Lids,PC223 LARGE SQUARE F/C
Foil Container,Foil Container  & Lids,LID T/S PC223
Foil Container,Foil Container  & Lids,PC313 SMALL SQUARE F/C
Foil Container,Foil Container  & Lids,LID T/S PC313
Foil Container,Foil Container  & Lids,PC419 MEDIUM TAKEAWAY F/C
Foil Container,Foil Container  & Lids,LID T/S PC419
Foil Container,Foil Container  & Lids,PC420 3 CAVITY MEAL F/C
Foil Container,Foil Container  & Lids,LID T/S PC420
Foil Container,Foil Container  & Lids,PC421 LARGE OBLONG F/C
Foil Container,Foil Container  & Lids,LID T/S PC421
Foil Container,Roasting Trays,PC598 4 COMPARTMENT TRAY
Foil Container,Roasting Trays,PC569 RECT ROASTER SMALL
Foil Container,Roasting Trays,PC568 RECT ROAST 
Foil Container,Roasting Trays,PC968 OVAL ROAST
Foil Container,Roasting Trays,PC985 RECT ROAST 
Foil Container,Roasting Trays,50 PC20A OVAL FOIL PLATER
Foil Container,Roasting Trays,50 OVAL FOIL PLATTER LGE
Towels & Tissue,,Compact Fold Paper Towel
Towels & Tissue,,Ultra S/Line Paper Towel
Towels & Tissue,,Premium Slimline Hand Towel
Towels & Tissue,,Hand Paper Towel
Towels & Tissue,,Center Feed Towle
Towels & Tissue,,Kitchen Towels
Towels & Tissue,,Premium 2ply Facial Tissue 200sheets
Towels & Tissue,,Toilet Paper 2 Ply 700Sheets
Towels & Tissue,,Jumbo Toilet Rolls 
Sugercane Bamboo,,"6"" Burger Clams"
Sugercane Bamboo,,Sugarcane Snack Clams
Sugercane Bamboo,,Small Snack Clams
Sugercane Bamboo,,Sugarcane Dinner Clams
Sugercane Bamboo,,9x9-4 Sugarcane Dinner Lids
Sugercane Bamboo,,"Sq T/Away 9"" 4 Comp Base"
Sugercane Bamboo,,Rect T/Away 5 Comp Base
Sugercane Bamboo,,Rect T/Away 5 Comp Lids PET
Sugercane Bamboo,,Sugarcane 1oz Sauce Cups
Sugercane Bamboo,,SUGARCANE 8oz Round Bowl
Sugercane Bamboo,,"9""- 3Comp Round Plates - Sugarcane"
Sugercane Bamboo,,Sugarcane Small Oval Plates - 7 inch
Sugercane Bamboo,,Bagase Rect. T/Away Base 500ml
Sugercane Bamboo,,Bagase Rect. T/Away Lids
Sugercane Bamboo,,Sugarcane T/A Container 23oz(700ml)
Sugercane Bamboo,,Sugarcane Lids for RC24/32
Sugercane Bamboo,,6oz Bamboo Food Container - PLA Lining
Cardboard Paper,Kraft Board Boxes,Endura Burger Clams
Cardboard Paper,Kraft Board Boxes,Endura Regular Snack Boxes
Cardboard Paper,Kraft Board Boxes,"Endura Hotdog Boxes
"
Cardboard Paper,Kraft Board Boxes,Endura Dinner Boxes
Cardboard Paper,Kraft Board Boxes,Endura Family Boxes
Cardboard Paper,Kraft Board Trays,Tray #1 
Cardboard Paper,Kraft Board Trays,Tray #6 - Hot Dog
Cardboard Paper,Kraft Board Trays,Chips Cups
Cardboard Paper,Cardboard Trays,#2 Small Tray/ Brown Cardboard
Cardboard Paper,Cardboard Trays,Hot Dog Tray/Brown Cardoabrd
Cardboard Paper,Cake Trays,#22 Cake Trays - White
Cardboard Paper,Hot & Tasty Chip Boxes,Large Hot&Tasty Chip Boxes
Dispensers & Bins,,Twin J/Roll Dispenser
Dispensers & Bins,,Paper Towel Roll Dispenser (Metal)
Dispensers & Bins,,Compact Paper Towel Dispenser
Dispensers & Bins,,Ultra/Slimline Paper Towel Dispenser
Dispensers & Bins,,Jumbo Toilet Roll Dispenser
Dispensers & Bins,,S/Steel Jumbo Toilet Roll Dispenser
Dispensers & Bins,,Hand Soap Dispenser 800ml
Dispensers & Bins,,Napkin Dispenser - Small
Dispensers & Bins,,Slim Jim Bin 65L
Dispensers & Bins,,Wheelie Bin 80L
Dispensers & Bins,,Round Rubbish Bin 55L
Dispensers & Bins,,Rubbish Bin 32L - Swing Lid
Paper Bags & Napkins,,Long GPL Brown
Paper Bags & Napkins,,Square GPL Brown
Paper Bags & Napkins,,Square White Bags
Paper Bags & Napkins,,Long White Bags
Paper Bags & Napkins,,Small Chicken Bag
Paper Bags & Napkins,,XLarge Chicken Bag
Paper Bags & Napkins,,Kebab Bags
Paper Bags & Napkins,,Sovlaki GPL
Paper Bags & Napkins,,Full Greaseproof Paper
Paper Bags & Napkins,,4 Out Greaseproof Paper
Paper Bags & Napkins,,#4 SOS Brown Bags
Paper Bags & Napkins,,Alfresco Lunch Napkins 1 Ply
Paper Bags & Napkins,,Alfresco GT Lunch Napkins 1 Ply
Paper Bags & Napkins,,Cocktail Napkins
Paper Bags & Napkins,,Quilted Dinner Napkins
Paper Bags & Napkins,,Tork Xpressnap Napkins N10
Paper Bags & Napkins,,Dispenser Napkins White
Hospatality Accessories,,"11"" Cone Oil Filter (50)"
Hospatality Accessories,,Masking Tape
Hospatality Accessories,,"Hair Nets White 21"""
Hospatality Accessories,SKEWER & CHOPSTICKS,20cm Wooden Chopsticks Plastic Wrap
Hospatality Accessories,SKEWER & CHOPSTICKS,150mm Bamboo Boat Oar Skewer
Hospatality Accessories,SKEWER & CHOPSTICKS,Parasols Cocktail Umbrella
Hospatality Accessories,CUTLERY,Wooden Fork
Hospatality Accessories,CUTLERY,Wooden Knife
Hospatality Accessories,CUTLERY,Wooden Spoon
Hospatality Accessories,CUTLERY,Wooden Spork
Hospatality Accessories,CUTLERY,Wooden Combo Pack
Hospatality Accessories,CUTLERY,Bamboo Cocktail Fork
Hospatality Accessories,CUTLERY,Sugarcane - Chinese Soup Spone
Hospatality Accessories,BENCHTOPS,Cling Film PVC ZIP 600m x 33cm
Hospatality Accessories,BENCHTOPS,Cling Film PVC ZIP 600m x 45cm
Hospatality Accessories,BENCHTOPS,Baking Paper 120m x 40cm
Hospatality Accessories,BENCHTOPS,All Purpose Foil 150m x 44cm
Hospatality Accessories,BENCHTOPS,Heavy Duty Foil 150m x 44cm
Hospatality Accessories,BENCHTOPS,Pop up Silver Foil Sheet 305x273
Hospatality Accessories,BENCHTOPS,Piping Bag Blue HDPE 21'
Hospatality Accessories,RRGISTER ROLLS,Thermal Register Rolls
Hospatality Accessories,RRGISTER ROLLS,Eftpos Rolls
Hospatality Accessories,RRGISTER ROLLS,Bond Rolls 1ply
Hospatality Accessories,RRGISTER ROLLS,Bond Register Rolls
Cleaning Accessories,,Double Layer Neoprene Squeege
Cleaning Accessories,,Aluminium Handle 25mm x 1.5m 
Cleaning Accessories,,Cotton Mop 400gm Solid
Cleaning Accessories,,Microfiber Mop 350gm 
Cleaning Accessories,,Mop Buccet 16L - Heavy Duty
Cleaning Accessories,,Microfiber Clothes (12)
Cleaning Accessories,,Gunk Buster (25)
Cleaning Accessories,,Premium HD Wipe 
Cleaning Accessories,,Premium Extra HD Wipe 
Cleaning Accessories,,Scourer Sponge Green & Yellow
Cleaning Accessories,,Stainless Steel Scourer
Cleaning Accessories,,Delux Toilet Brush
Cleaning Accessories,,Kitchen Broom
Cleaning Accessories,,Lobby Dust Pan W/Broom
Cleaning Accessories,,Window Squeegee Plastic 
Cleaning Accessories,,Glass Cleaning Starter Kit
Cleaning Accessories,,Caution Sign
Cleaning Accessories,,Cleaning in Progress Sign
Cleaning Accessories,,Pump (Suitable for 5Lts)
Cleaning Accessories,,Spray Bottle 1LT HD ST
Cleaning Accessories,,Spray Trigger
Cleaning Accessories,,Drum Tap 20/25Lts
Cleaning Accessories,,Standard French Mop Complete
Cleaning Accessories,,Jumbo French Mop Complete
Cleaning Accessories,,Pure White Singlet Rags
Cleaning Accessories,,Mix Color Rags
"Garbage, Tidy & Plastic Bags",,Bin Liner Black HDPE
"Garbage, Tidy & Plastic Bags",,Premium Bin Liner
"Garbage, Tidy & Plastic Bags",,Garbage Bag
"Garbage, Tidy & Plastic Bags",,H/Duty LD Bin Liner
"Garbage, Tidy & Plastic Bags",,H/D Bin Bags
"Garbage, Tidy & Plastic Bags",,H/D Bin Bags
"Garbage, Tidy & Plastic Bags",,Extra HD Bin Liner HDEP
"Garbage, Tidy & Plastic Bags",,Super Black 
"Garbage, Tidy & Plastic Bags",,Hand Pallet Wrap
"Garbage, Tidy & Plastic Bags",,Produce Rolls
"Garbage, Tidy & Plastic Bags",,Reuseable Carry Bags 
"Garbage, Tidy & Plastic Bags",,Butcher Bags
Cups Lids & Accessories,,Coffee Cups - White
Cups Lids & Accessories,,Coffee Cups - White
Cups Lids & Accessories,,True Fill S/W 8oz Cups
Cups Lids & Accessories,,S/W 8oz Coffee Cups
Cups Lids & Accessories,,True Fill S/W 12oz Cups
Cups Lids & Accessories,,S/W 12oz Coffee Cups
Cups Lids & Accessories,,True Fill S/W 16oz Cups
Cups Lids & Accessories,,S/W 16oz Coffee Cups
Cups Lids & Accessories,,Coffee Cups - Black
Cups Lids & Accessories,,True Fit 86.5mm Lids
Cups Lids & Accessories,,Coffee Cups Lid
Cups Lids & Accessories,,PLA Lined 
Cups Lids & Accessories,,PET8oz Plastic Cups (236ml)
Cups Lids & Accessories,,6oz White Plastic Cups
Cups Lids & Accessories,,D84F - PET Flat Lids
Cups Lids & Accessories,,D84D - PET Dome Lids
Cups Lids & Accessories,,4 Coffee Cups Tray
Cups Lids & Accessories,,4 Cups Egg Tray
Cups Lids & Accessories,,Wodden Coffee Stirrers
Cups Lids & Accessories,,Paper Straw Regular
Cups Lids & Accessories,,Black Cocktail Paper Straw
Cups Lids & Accessories,,Paper Straw Bubble Tea